lon,lat,vv,vh,cell_id
104.55000000000001,8.549999999999976,-22.144432448176346,-35.968629678921175,104.5_8.5
104.55000000000001,8.649999999999975,-22.309120114774718,-35.796489618297706,104.5_8.6
104.55000000000001,8.749999999999975,-22.07502819066524,-35.43452596018978,104.5_8.7
104.55000000000001,8.849999999999975,-21.934302561982218,-35.23019362420998,104.5_8.8
104.55000000000001,8.949999999999974,-21.168036177731565,-34.603027783868335,104.5_8.9
104.55000000000001,9.049999999999974,-20.835801956525216,-34.67162173890945,104.5_9.0
104.55000000000001,9.149999999999974,-20.704019596855616,-34.21083162767971,104.5_9.1
104.55000000000001,9.249999999999973,-20.90723797230968,-33.78482838840168,104.5_9.2
104.55000000000001,9.349999999999973,-20.082780713430456,-33.53385990380667,104.5_9.3
104.55000000000001,9.449999999999973,-19.73908892219661,-33.16174790093222,104.5_9.4
104.55000000000001,9.549999999999972,-19.6444655724709,-32.76350482851941,104.5_9.5
104.55000000000001,9.649999999999972,-18.91273170026556,-31.798401684325626,104.5_9.6
104.55000000000001,9.749999999999972,-18.42947014367754,-31.445734668141995,104.5_9.7
104.55000000000001,9.849999999999971,-18.281937370681213,-31.160291758029665,104.5_9.8
104.55000000000001,9.94999999999997,-18.556850426336563,-30.998818489632598,104.5_9.9
104.55000000000001,10.04999999999997,-17.381243548901832,-30.123670509038735,104.5_10.0
104.55000000000001,10.14999999999997,-16.736657187786776,-28.524273173776713,104.5_10.1
104.55000000000001,10.24999999999997,-14.294713508038845,-26.05131409544925,104.5_10.2
104.55000000000001,10.34999999999997,-11.611390632685902,-19.58477336271268,104.5_10.3
104.55000000000001,10.449999999999969,-10.314761800500172,-17.626567021969656,104.5_10.4
104.55000000000001,10.549999999999969,-8.408306660889695,-16.002276988294916,104.5_10.5
104.55000000000001,10.649999999999968,-7.90793455348198,-15.900857115024962,104.5_10.6
104.55000000000001,10.749999999999968,-7.949021121133833,-16.085612800508756,104.5_10.7
104.55000000000001,10.849999999999968,-8.241886904985062,-16.138561543203632,104.5_10.8
104.55000000000001,10.949999999999967,-7.827299670639503,-15.300980096753968,104.5_10.9
104.55000000000001,11.049999999999967,-8.092617841004527,-15.742551681991653,104.5_11.0
104.65,8.549999999999976,-21.504304647294596,-35.58244205495103,104.6_8.5
104.65,8.649999999999975,-21.424756740000905,-34.86698645324252,104.6_8.6
104.65,8.749999999999975,-21.08336813885797,-35.32658576491627,104.6_8.7
104.65,8.849999999999975,-20.78988487329398,-34.88199145356349,104.6_8.8
104.65,8.949999999999974,-20.737145289752455,-34.47053287502738,104.6_8.9
104.65,9.049999999999974,-20.521712122416428,-34.22195316087395,104.6_9.0
104.65,9.149999999999974,-20.573986577204035,-33.628191869128784,104.6_9.1
104.65,9.249999999999973,-20.292816544532414,-33.42409673833631,104.6_9.2
104.65,9.349999999999973,-20.055614442116116,-32.89434811153144,104.6_9.3
104.65,9.449999999999973,-19.457857290898623,-32.85621103481819,104.6_9.4
104.65,9.549999999999972,-19.41060696336827,-32.73163200295488,104.6_9.5
104.65,9.649999999999972,-18.155086979479247,-31.607186006647204,104.6_9.6
104.65,9.749999999999972,-17.804572371249908,-30.900901143148115,104.6_9.7
104.65,9.849999999999971,-17.14685136568833,-29.820271900972454,104.6_9.8
104.65,9.94999999999997,-17.694822832325215,-31.387860274915248,104.6_9.9
104.65,10.04999999999997,-17.550173875392478,-31.474754669924888,104.6_10.0
104.65,10.14999999999997,-14.448583187607616,-25.052014422919726,104.6_10.1
104.65,10.24999999999997,-9.8415216895081,-17.147031448887738,104.6_10.2
104.65,10.34999999999997,-10.065196511161643,-16.818603907763094,104.6_10.3
104.65,10.449999999999969,-9.313722535470784,-15.79140202108032,104.6_10.4
104.65,10.549999999999969,-8.680730275616206,-15.663337463739955,104.6_10.5
104.65,10.649999999999968,-8.456514852482272,-17.190863088389722,104.6_10.6
104.65,10.749999999999968,-7.5565813209618,-15.052759444844078,104.6_10.7
104.65,10.849999999999968,-7.915776892171892,-15.894904127759414,104.6_10.8
104.65,10.949999999999967,-8.14079935675629,-16.10318515987765,104.6_10.9
104.65,11.049999999999967,-8.26035312424115,-16.021635407803217,104.6_11.0
104.75,8.549999999999976,-19.90588321224097,-31.93074771635001,104.7_8.5
104.75,8.649999999999975,-14.616142379706865,-22.878689654534444,104.7_8.6
104.75,8.749999999999975,-20.715515014288375,-32.29827888495037,104.7_8.7
104.75,8.849999999999975,-19.088277100674837,-30.114281491363748,104.7_8.8
104.75,8.949999999999974,-20.495008343584402,-32.24853957335411,104.7_8.9
104.75,9.049999999999974,-20.238736969170535,-32.366430161063924,104.7_9.0
104.75,9.149999999999974,-19.80876531284271,-32.64400685140559,104.7_9.1
104.75,9.249999999999973,-19.46208524462039,-33.09257782245024,104.7_9.2
104.75,9.349999999999973,-19.641769545970494,-33.965908675356,104.7_9.3
104.75,9.449999999999973,-19.697394964323585,-34.80828384121717,104.7_9.4
104.75,9.549999999999972,-18.88405933970533,-34.2702626652354,104.7_9.5
104.75,9.649999999999972,-18.264468709029916,-33.7844462075442,104.7_9.6
104.75,9.749999999999972,-18.116162941625902,-32.8233624731322,104.7_9.7
104.75,9.849999999999971,-18.31114170691369,-32.44542296377534,104.7_9.8
104.75,9.94999999999997,-17.550399672021843,-31.627257895880746,104.7_9.9
104.75,10.04999999999997,-16.931575616331155,-31.323682889364083,104.7_10.0
104.75,10.14999999999997,-17.460300661961927,-30.421262220936562,104.7_10.1
104.75,10.24999999999997,-10.947869391362032,-18.26874474405696,104.7_10.2
104.75,10.34999999999997,-9.082191356618031,-15.369997078510472,104.7_10.3
104.75,10.449999999999969,-9.246489529272301,-15.328775462898502,104.7_10.4
104.75,10.549999999999969,-8.809305686263107,-15.687030725954738,104.7_10.5
104.75,10.649999999999968,-8.515583606001401,-15.590002861643823,104.7_10.6
104.75,10.749999999999968,-8.162059738471502,-15.710986045976872,104.7_10.7
104.75,10.849999999999968,-8.368363377211308,-16.135844319605653,104.7_10.8
104.75,10.949999999999967,-8.469247137766024,-16.19343509775531,104.7_10.9
104.75,11.049999999999967,-8.781385663205391,-16.254854743562973,104.7_11.0
104.85,8.549999999999976,-17.103173938656212,-26.97651876287542,104.8_8.5
104.85,8.649999999999975,-9.19638091627715,-15.59568117159194,104.8_8.6
104.85,8.749999999999975,-12.607164355313987,-19.763710045765244,104.8_8.7
104.85,8.849999999999975,-10.128556053377338,-16.95059930393703,104.8_8.8
104.85,8.949999999999974,-10.769244649723841,-17.934114551930552,104.8_8.9
104.85,9.049999999999974,-10.282165837626648,-17.728427482450435,104.8_9.0
104.85,9.149999999999974,-8.972713975170583,-16.847741979822388,104.8_9.1
104.85,9.249999999999973,-10.659562482292277,-18.25949715122668,104.8_9.2
104.85,9.349999999999973,-12.001468155077784,-20.78453292140766,104.8_9.3
104.85,9.449999999999973,-13.34377970474304,-22.367130441662248,104.8_9.4
104.85,9.549999999999972,-13.555284541659606,-22.918680878627914,104.8_9.5
104.85,9.649999999999972,-14.402050484660986,-25.30947968133828,104.8_9.6
104.85,9.749999999999972,-16.02482592072716,-28.162887197648796,104.8_9.7
104.85,9.849999999999971,-18.69039948512559,-32.662086336082645,104.8_9.8
104.85,9.94999999999997,-18.46348525211294,-32.728388801107826,104.8_9.9
104.85,10.04999999999997,-18.54326643289472,-32.79532773766487,104.8_10.0
104.85,10.14999999999997,-12.810283996711842,-21.313056082102225,104.8_10.1
104.85,10.24999999999997,-8.798941360528246,-14.61182711944382,104.8_10.2
104.85,10.34999999999997,-8.970859213230087,-15.266449065770294,104.8_10.3
104.85,10.449999999999969,-8.968846175566261,-15.593295005574173,104.8_10.4
104.85,10.549999999999969,-8.116190882015667,-15.238245377097188,104.8_10.5
104.85,10.649999999999968,-8.306701549519314,-15.20293318718018,104.8_10.6
104.85,10.749999999999968,-8.469862160148457,-16.477280373440934,104.8_10.7
104.85,10.849999999999968,-8.729557512320307,-16.61166858868068,104.8_10.8
104.85,10.949999999999967,-10.450319625337764,-18.888432377933803,104.8_10.9
104.85,11.049999999999967,-11.407491037843696,-20.057715166158584,104.8_11.0
104.94999999999999,8.549999999999976,-18.784921516052787,-30.03865233444695,104.9_8.5
104.94999999999999,8.649999999999975,-9.342570326753373,-15.679601693062677,104.9_8.6
104.94999999999999,8.749999999999975,-9.689424294028468,-16.28909015874614,104.9_8.7
104.94999999999999,8.849999999999975,-10.621345198958284,-17.272344822819484,104.9_8.8
104.94999999999999,8.949999999999974,-10.130676729903042,-17.30914546816618,104.9_8.9
104.94999999999999,9.049999999999974,-9.649915272469165,-17.17240209285635,104.9_9.0
104.94999999999999,9.149999999999974,-8.023727598719114,-15.384314805877546,104.9_9.1
104.94999999999999,9.249999999999973,-7.277857029060906,-12.816281605859894,104.9_9.2
104.94999999999999,9.349999999999973,-8.30348549069648,-14.224478625415536,104.9_9.3
104.94999999999999,9.449999999999973,-8.97969387446237,-15.109023531981826,104.9_9.4
104.94999999999999,9.549999999999972,-10.54131475334218,-17.01692712378072,104.9_9.5
104.94999999999999,9.649999999999972,-12.08426105293341,-19.473079193037645,104.9_9.6
104.94999999999999,9.749999999999972,-12.041285705951081,-19.14696187148939,104.9_9.7
104.94999999999999,9.849999999999971,-14.557998543226196,-23.451661603948242,104.9_9.8
104.94999999999999,9.94999999999997,-20.724664329834287,-35.199343154507744,104.9_9.9
104.94999999999999,10.04999999999997,-19.150203010867017,-32.568378489344965,104.9_10.0
104.94999999999999,10.14999999999997,-8.653411284155226,-15.516281173511455,104.9_10.1
104.94999999999999,10.24999999999997,-8.72494083365477,-14.895159227386968,104.9_10.2
104.94999999999999,10.34999999999997,-8.539840535974665,-15.550122178419377,104.9_10.3
104.94999999999999,10.449999999999969,-7.925339308727833,-15.349673590711063,104.9_10.4
104.94999999999999,10.549999999999969,-8.38832615746603,-15.996750654434903,104.9_10.5
104.94999999999999,10.649999999999968,-8.690243766551653,-15.954103408305258,104.9_10.6
104.94999999999999,10.749999999999968,-9.64394443836074,-17.247088516947688,104.9_10.7
104.94999999999999,10.849999999999968,-11.235385465057503,-19.313009896414208,104.9_10.8
104.94999999999999,10.949999999999967,-12.812443093836672,-22.01340261065459,104.9_10.9
104.94999999999999,11.049999999999967,-11.033418521682036,-18.59577979701503,104.9_11.0
105.04999999999998,8.549999999999976,-19.139767369832636,-32.52297759852776,105.0_8.5
105.04999999999998,8.649999999999975,-10.815391605501619,-18.08211704527512,105.0_8.6
105.04999999999998,8.749999999999975,-9.638872218844734,-16.18583657056499,105.0_8.7
105.04999999999998,8.849999999999975,-10.89159066373406,-17.560622357354887,105.0_8.8
105.04999999999998,8.949999999999974,-10.043194114102544,-17.215446847554574,105.0_8.9
105.04999999999998,9.049999999999974,-10.22533578881214,-17.33357475979499,105.0_9.0
105.04999999999998,9.149999999999974,-9.72137410565601,-16.903527826847426,105.0_9.1
105.04999999999998,9.249999999999973,-9.825920342833742,-17.09838270485727,105.0_9.2
105.04999999999998,9.349999999999973,-11.353835149763485,-18.53365641488829,105.0_9.3
105.04999999999998,9.449999999999973,-11.154555414805504,-17.667271387502023,105.0_9.4
105.04999999999998,9.549999999999972,-10.249776572859542,-16.860042341926157,105.0_9.5
105.04999999999998,9.649999999999972,-9.712635990037723,-16.586839395390427,105.0_9.6
105.04999999999998,9.749999999999972,-10.38416689379257,-17.46884338502999,105.0_9.7
105.04999999999998,9.849999999999971,-11.16933637566563,-18.370483488101907,105.0_9.8
105.04999999999998,9.94999999999997,-16.588593469498825,-26.45308425200044,105.0_9.9
105.04999999999998,10.04999999999997,-12.505718697665584,-21.104193652321303,105.0_10.0
105.04999999999998,10.14999999999997,-8.693523166629207,-15.959789194451341,105.0_10.1
105.04999999999998,10.24999999999997,-8.641805748287384,-16.014796343933124,105.0_10.2
105.04999999999998,10.34999999999997,-8.595741315856833,-16.50672582621183,105.0_10.3
105.04999999999998,10.449999999999969,-8.297197806231589,-16.714652401397093,105.0_10.4
105.04999999999998,10.549999999999969,-8.38371818394748,-16.427154792721076,105.0_10.5
105.04999999999998,10.649999999999968,-8.759303871226642,-16.933772897710764,105.0_10.6
105.04999999999998,10.749999999999968,-10.621400329045377,-18.29319369163635,105.0_10.7
105.04999999999998,10.849999999999968,-10.636341499994451,-19.162291150898977,105.0_10.8
105.04999999999998,10.949999999999967,-10.398570175779286,-18.338573126333245,105.0_10.9
105.04999999999998,11.049999999999967,-10.618463874304192,-18.15923692838456,105.0_11.0
105.14999999999998,8.549999999999976,-18.887747396677753,-33.39474270758211,105.1_8.5
105.14999999999998,8.649999999999975,-17.673522508779335,-28.961473604643253,105.1_8.6
105.14999999999998,8.749999999999975,-11.1353889948584,-18.226301432762572,105.1_8.7
105.14999999999998,8.849999999999975,-9.897943308731538,-16.62751644673987,105.1_8.8
105.14999999999998,8.949999999999974,-10.455015895073743,-17.671819967165433,105.1_8.9
105.14999999999998,9.049999999999974,-10.408920863694668,-17.532605413722273,105.1_9.0
105.14999999999998,9.149999999999974,-8.428371786844174,-15.992506494584253,105.1_9.1
105.14999999999998,9.249999999999973,-10.510466172789448,-18.319112091132236,105.1_9.2
105.14999999999998,9.349999999999973,-11.55503379132188,-19.3455407942377,105.1_9.3
105.14999999999998,9.449999999999973,-12.672422818860655,-19.589276613808693,105.1_9.4
105.14999999999998,9.549999999999972,-9.705699957638247,-16.341840735924535,105.1_9.5
105.14999999999998,9.649999999999972,-9.495680842895242,-16.182700212458332,105.1_9.6
105.14999999999998,9.749999999999972,-10.711994606115885,-17.676184267365382,105.1_9.7
105.14999999999998,9.849999999999971,-8.77262000481805,-15.64843491199377,105.1_9.8
105.14999999999998,9.94999999999997,-7.753519776860523,-15.513723707851058,105.1_9.9
105.14999999999998,10.04999999999997,-8.196200659624967,-16.486713572004724,105.1_10.0
105.14999999999998,10.14999999999997,-8.95361270473143,-16.214213849902805,105.1_10.1
105.14999999999998,10.24999999999997,-8.906308291423674,-17.900689546220935,105.1_10.2
105.14999999999998,10.34999999999997,-8.966874169241718,-18.41391636915259,105.1_10.3
105.14999999999998,10.449999999999969,-8.303731900638638,-17.808219357764987,105.1_10.4
105.14999999999998,10.549999999999969,-9.11629624704627,-17.841093555709346,105.1_10.5
105.14999999999998,10.649999999999968,-8.770271203565564,-16.02235483840289,105.1_10.6
105.14999999999998,10.749999999999968,-8.488072516846785,-16.29869719081268,105.1_10.7
105.14999999999998,10.849999999999968,-9.902251983158015,-17.73356365286916,105.1_10.8
105.14999999999998,10.949999999999967,-11.419246365641891,-19.836523563350514,105.1_10.9
105.14999999999998,11.049999999999967,-11.43394923499953,-19.709157510376006,105.1_11.0
105.24999999999997,8.549999999999976,-18.843516784070026,-33.57000293104969,105.2_8.5
105.24999999999997,8.649999999999975,-18.918481494538426,-33.28189714541748,105.2_8.6
105.24999999999997,8.749999999999975,-16.16026978424716,-27.19635697313198,105.2_8.7
105.24999999999997,8.849999999999975,-9.527833797146537,-16.27719084476447,105.2_8.8
105.24999999999997,8.949999999999974,-10.163107124390107,-17.265057199396235,105.2_8.9
105.24999999999997,9.049999999999974,-9.871335857151427,-17.02509020530342,105.2_9.0
105.24999999999997,9.149999999999974,-9.85970904443846,-17.41681864638165,105.2_9.1
105.24999999999997,9.249999999999973,-10.59944822429057,-18.343731003018338,105.2_9.2
105.24999999999997,9.349999999999973,-11.587848747240393,-19.67383403950704,105.2_9.3
105.24999999999997,9.449999999999973,-12.509277824859732,-20.099799313080084,105.2_9.4
105.24999999999997,9.549999999999972,-12.457234788443754,-19.232742364505064,105.2_9.5
105.24999999999997,9.649999999999972,-10.482779676839186,-17.20401355848196,105.2_9.6
105.24999999999997,9.749999999999972,-9.021279367505748,-15.77751882102608,105.2_9.7
105.24999999999997,9.849999999999971,-7.955604186492584,-16.496723263206125,105.2_9.8
105.24999999999997,9.94999999999997,-8.479690822695334,-17.863540773422617,105.2_9.9
105.24999999999997,10.04999999999997,-8.541409992651598,-17.239719842505835,105.2_10.0
105.24999999999997,10.14999999999997,-8.352468739099699,-16.494605836741833,105.2_10.1
105.24999999999997,10.24999999999997,-9.200868846532416,-18.322597237717257,105.2_10.2
105.24999999999997,10.34999999999997,-9.156604255784666,-18.24910739831482,105.2_10.3
105.24999999999997,10.449999999999969,-9.325793857698345,-18.176014673931768,105.2_10.4
105.24999999999997,10.549999999999969,-9.346664227838248,-17.450088477503115,105.2_10.5
105.24999999999997,10.649999999999968,-9.536406952099503,-17.219311301205103,105.2_10.6
105.24999999999997,10.749999999999968,-8.878801533978894,-17.095187345793054,105.2_10.7
105.24999999999997,10.849999999999968,-11.374925241350393,-20.11934383525377,105.2_10.8
105.24999999999997,10.949999999999967,-12.206498417923193,-20.8031178558885,105.2_10.9
105.24999999999997,11.049999999999967,-11.20605240783911,-18.69655870606772,105.2_11.0
105.34999999999997,8.549999999999976,-18.524926079696574,-33.425260347643565,105.3_8.5
105.34999999999997,8.649999999999975,-18.731636434297922,-33.3110625236715,105.3_8.6
105.34999999999997,8.749999999999975,-18.655594467783615,-33.08252489289417,105.3_8.7
105.34999999999997,8.849999999999975,-16.026042768566438,-26.48731846543672,105.3_8.8
105.34999999999997,8.949999999999974,-11.485063794784951,-18.765163778847548,105.3_8.9
105.34999999999997,9.049999999999974,-10.536919359956025,-17.660881751314058,105.3_9.0
105.34999999999997,9.149999999999974,-10.513233866265125,-18.196553213504686,105.3_9.1
105.34999999999997,9.249999999999973,-10.893575925471813,-18.9434272706262,105.3_9.2
105.34999999999997,9.349999999999973,-11.074543369675805,-19.05493325825836,105.3_9.3
105.34999999999997,9.449999999999973,-11.729191757262518,-19.179533582824853,105.3_9.4
105.34999999999997,9.549999999999972,-12.915802569899562,-19.810966988540077,105.3_9.5
105.34999999999997,9.649999999999972,-9.04989013678375,-15.769552828150527,105.3_9.6
105.34999999999997,9.749999999999972,-7.947436953932412,-14.991229733520138,105.3_9.7
105.34999999999997,9.849999999999971,-8.379325834778882,-17.49304316212172,105.3_9.8
105.34999999999997,9.94999999999997,-8.529322783219712,-16.852506013161943,105.3_9.9
105.34999999999997,10.04999999999997,-8.862054527941972,-16.3621210531944,105.3_10.0
105.34999999999997,10.14999999999997,-9.163329410776695,-17.425497309283482,105.3_10.1
105.34999999999997,10.24999999999997,-9.385282418051581,-18.334623668638976,105.3_10.2
105.34999999999997,10.34999999999997,-8.979835920881632,-17.285016706746134,105.3_10.3
105.34999999999997,10.449999999999969,-8.936432322550642,-17.00448369584344,105.3_10.4
105.34999999999997,10.549999999999969,-8.955483378118778,-16.355701272040452,105.3_10.5
105.34999999999997,10.649999999999968,-9.760245595946499,-16.70087924660834,105.3_10.6
105.34999999999997,10.749999999999968,-10.10205420748098,-18.47806040186016,105.3_10.7
105.34999999999997,10.849999999999968,-10.990451944529386,-19.225270447236515,105.3_10.8
105.34999999999997,10.949999999999967,-9.972912059431525,-17.464979632688838,105.3_10.9
105.34999999999997,11.049999999999967,-8.98796282228906,-16.851043402271653,105.3_11.0
105.44999999999996,8.549999999999976,-18.14913779314564,-33.329451815463294,105.4_8.5
105.44999999999996,8.649999999999975,-18.296823205634297,-33.2570557119535,105.4_8.6
105.44999999999996,8.749999999999975,-18.22518431196747,-33.319192643445874,105.4_8.7
105.44999999999996,8.849999999999975,-17.80883369886713,-32.866239582326294,105.4_8.8
105.44999999999996,8.949999999999974,-18.5634555814355,-32.43406737920732,105.4_8.9
105.44999999999996,9.049999999999974,-14.964408234888545,-24.816566953029348,105.4_9.0
105.44999999999996,9.149999999999974,-10.559756914181676,-18.440251859283766,105.4_9.1
105.44999999999996,9.249999999999973,-9.788996918357146,-17.02724368285905,105.4_9.2
105.44999999999996,9.349999999999973,-9.981117195075141,-17.037189405691375,105.4_9.3
105.44999999999996,9.449999999999973,-10.910374289974996,-18.049619819113083,105.4_9.4
105.44999999999996,9.549999999999972,-11.020427294208362,-18.085845962541473,105.4_9.5
105.44999999999996,9.649999999999972,-8.190387478433664,-15.894712711600073,105.4_9.6
105.44999999999996,9.749999999999972,-7.6540157897115115,-15.499499274710988,105.4_9.7
105.44999999999996,9.849999999999971,-8.596861047719493,-16.1983154842489,105.4_9.8
105.44999999999996,9.94999999999997,-9.163850880836675,-16.193796456090066,105.4_9.9
105.44999999999996,10.04999999999997,-8.440908064985427,-16.05982528250224,105.4_10.0
105.44999999999996,10.14999999999997,-9.399942977852623,-16.102550872258963,105.4_10.1
105.44999999999996,10.24999999999997,-9.069542358588501,-16.493844984010604,105.4_10.2
105.44999999999996,10.34999999999997,-7.475361892950721,-15.186318138010487,105.4_10.3
105.44999999999996,10.449999999999969,-8.378054903671648,-15.97963663980561,105.4_10.4
105.44999999999996,10.549999999999969,-8.589812842230012,-16.066580463293775,105.4_10.5
105.44999999999996,10.649999999999968,-10.046405320544926,-18.378361149655515,105.4_10.6
105.44999999999996,10.749999999999968,-11.590871998186003,-19.768517407284207,105.4_10.7
105.44999999999996,10.849999999999968,-10.077103267971397,-17.76557856706244,105.4_10.8
105.44999999999996,10.949999999999967,-9.010586800379862,-16.440386379565545,105.4_10.9
105.44999999999996,11.049999999999967,-9.423790258239125,-16.520794756364527,105.4_11.0
105.54999999999995,8.549999999999976,-17.84251000334711,-33.039213255057135,105.5_8.5
105.54999999999995,8.649999999999975,-17.648327360265526,-33.119813728211646,105.5_8.6
105.54999999999995,8.749999999999975,-17.52526200164276,-33.157784111297126,105.5_8.7
105.54999999999995,8.849999999999975,-17.236162795571623,-33.10472217691909,105.5_8.8
105.54999999999995,8.949999999999974,-17.23238621655907,-33.09240656291521,105.5_8.9
105.54999999999995,9.049999999999974,-18.267468985755848,-32.95384982278227,105.5_9.0
105.54999999999995,9.149999999999974,-12.655545719625897,-20.95849265832246,105.5_9.1
105.54999999999995,9.249999999999973,-10.092202967193538,-17.16872293698381,105.5_9.2
105.54999999999995,9.349999999999973,-8.600906216221151,-15.252385945957553,105.5_9.3
105.54999999999995,9.449999999999973,-8.216010049874297,-15.79824896421205,105.5_9.4
105.54999999999995,9.549999999999972,-9.139284427918778,-18.11136738345991,105.5_9.5
105.54999999999995,9.649999999999972,-9.890173071575592,-18.18051434087962,105.5_9.6
105.54999999999995,9.749999999999972,-9.012944608973394,-18.11071169165093,105.5_9.7
105.54999999999995,9.849999999999971,-8.026337020452225,-15.928842338058178,105.5_9.8
105.54999999999995,9.94999999999997,-8.955523444758477,-15.422288767310475,105.5_9.9
105.54999999999995,10.04999999999997,-8.429193390544153,-15.051105909485086,105.5_10.0
105.54999999999995,10.14999999999997,-8.67662296570242,-15.132554086081626,105.5_10.1
105.54999999999995,10.24999999999997,-8.588963164620436,-15.245364983269289,105.5_10.2
105.54999999999995,10.34999999999997,-8.392688715529998,-15.314321476283897,105.5_10.3
105.54999999999995,10.449999999999969,-7.861621083199633,-14.967054409060191,105.5_10.4
105.54999999999995,10.549999999999969,-9.308779492443286,-17.06730965830679,105.5_10.5
105.54999999999995,10.649999999999968,-9.10552259243787,-17.06627603891546,105.5_10.6
105.54999999999995,10.749999999999968,-9.31189424127628,-16.667359246996636,105.5_10.7
105.54999999999995,10.849999999999968,-9.327791601687533,-16.624372329744048,105.5_10.8
105.54999999999995,10.949999999999967,-8.884239829299498,-15.867654011646882,105.5_10.9
105.54999999999995,11.049999999999967,-9.361787941894391,-16.62779565268088,105.5_11.0
105.64999999999995,8.549999999999976,-17.472371753344913,-32.45593164173142,105.6_8.5
105.64999999999995,8.649999999999975,-17.23622834257278,-32.62715101736507,105.6_8.6
105.64999999999995,8.749999999999975,-17.217239428215873,-32.71766929803479,105.6_8.7
105.64999999999995,8.849999999999975,-17.092179266920336,-32.88798489939303,105.6_8.8
105.64999999999995,8.949999999999974,-17.107245896062192,-32.920516391025764,105.6_8.9
105.64999999999995,9.049999999999974,-17.415967413260535,-33.148203098966356,105.6_9.0
105.64999999999995,9.149999999999974,-15.35061916249606,-26.47028790178029,105.6_9.1
105.64999999999995,9.249999999999973,-10.844408541093333,-18.22398560884141,105.6_9.2
105.64999999999995,9.349999999999973,-8.93082964341806,-15.209856402631171,105.6_9.3
105.64999999999995,9.449999999999973,-8.028852311091164,-15.497290961747488,105.6_9.4
105.64999999999995,9.549999999999972,-8.071203958452799,-16.495563128967728,105.6_9.5
105.64999999999995,9.649999999999972,-9.209199007062775,-17.273686829387792,105.6_9.6
105.64999999999995,9.749999999999972,-7.778959404273155,-15.634985276697032,105.6_9.7
105.64999999999995,9.849999999999971,-7.5505466927470195,-15.322021910920814,105.6_9.8
105.64999999999995,9.94999999999997,-7.065129612024712,-13.71235735432653,105.6_9.9
105.64999999999995,10.04999999999997,-7.2746325060746315,-13.981618852371222,105.6_10.0
105.64999999999995,10.14999999999997,-8.127826799416038,-14.889482521928452,105.6_10.1
105.64999999999995,10.24999999999997,-8.064218101994705,-14.824857676815329,105.6_10.2
105.64999999999995,10.34999999999997,-8.340007354881557,-15.32272330032584,105.6_10.3
105.64999999999995,10.449999999999969,-7.543008374159164,-14.762400802450394,105.6_10.4
105.64999999999995,10.549999999999969,-9.452009890420396,-15.723929623686898,105.6_10.5
105.64999999999995,10.649999999999968,-9.81803581340661,-16.28164315791952,105.6_10.6
105.64999999999995,10.749999999999968,-9.724963760266274,-16.632113646411643,105.6_10.7
105.64999999999995,10.849999999999968,-9.370545836695712,-16.507753125504294,105.6_10.8
105.64999999999995,10.949999999999967,-8.794284394680208,-15.86057233204847,105.6_10.9
105.64999999999995,11.049999999999967,-9.164601360313986,-17.24824656595255,105.6_11.0
105.74999999999994,8.549999999999976,-17.30079364067331,-31.654849363274085,105.7_8.5
105.74999999999994,8.649999999999975,-17.320842199129505,-31.87630352249014,105.7_8.6
105.74999999999994,8.749999999999975,-17.063978772582235,-31.97946736700876,105.7_8.7
105.74999999999994,8.849999999999975,-16.93237459312554,-32.198913523695076,105.7_8.8
105.74999999999994,8.949999999999974,-17.081830713583145,-32.248896949855165,105.7_8.9
105.74999999999994,9.049999999999974,-17.52063258818108,-32.44184487284375,105.7_9.0
105.74999999999994,9.149999999999974,-17.66328001359394,-31.73729276326072,105.7_9.1
105.74999999999994,9.249999999999973,-10.556552356389231,-18.02980530734782,105.7_9.2
105.74999999999994,9.349999999999973,-9.035528880266991,-15.412321478166477,105.7_9.3
105.74999999999994,9.449999999999973,-8.981225045085528,-15.407592088687256,105.7_9.4
105.74999999999994,9.549999999999972,-8.320208839364968,-15.433284837796746,105.7_9.5
105.74999999999994,9.649999999999972,-8.204262244592128,-15.72139703703112,105.7_9.6
105.74999999999994,9.749999999999972,-7.578388379222001,-14.061739283434793,105.7_9.7
105.74999999999994,9.849999999999971,-7.431516828210181,-14.26175024429717,105.7_9.8
105.74999999999994,9.94999999999997,-6.461875106021248,-13.11902350841909,105.7_9.9
105.74999999999994,10.04999999999997,-6.782162923772629,-13.683878497951282,105.7_10.0
105.74999999999994,10.14999999999997,-7.64062687068068,-14.639148637110592,105.7_10.1
105.74999999999994,10.24999999999997,-7.85177233137384,-14.771405368909072,105.7_10.2
105.74999999999994,10.34999999999997,-7.931374769708674,-14.932590827669564,105.7_10.3
105.74999999999994,10.449999999999969,-9.386398620633788,-15.793597325579125,105.7_10.4
105.74999999999994,10.549999999999969,-9.6064704640637,-15.841060563016065,105.7_10.5
105.74999999999994,10.649999999999968,-9.710483521841967,-16.014979718568373,105.7_10.6
105.74999999999994,10.749999999999968,-9.517879331293877,-16.02462701226176,105.7_10.7
105.74999999999994,10.849999999999968,-9.334527972947054,-17.079507015339885,105.7_10.8
105.74999999999994,10.949999999999967,-8.858255125369356,-16.25259842924447,105.7_10.9
105.74999999999994,11.049999999999967,-8.70656295536839,-16.56752178349489,105.7_11.0
105.84999999999994,8.549999999999976,-17.29673642924584,-31.94607758385934,105.8_8.5
105.84999999999994,8.649999999999975,-17.255591844498873,-31.79917493758505,105.8_8.6
105.84999999999994,8.749999999999975,-16.86614209373142,-31.610649903913252,105.8_8.7
105.84999999999994,8.849999999999975,-16.736578448676944,-31.605064142100073,105.8_8.8
105.84999999999994,8.949999999999974,-16.75743429009131,-31.464454489578088,105.8_8.9
105.84999999999994,9.049999999999974,-16.95015334703446,-31.47679262013153,105.8_9.0
105.84999999999994,9.149999999999974,-17.173409279675575,-31.6269199918908,105.8_9.1
105.84999999999994,9.249999999999973,-13.974997216071966,-24.053938961797733,105.8_9.2
105.84999999999994,9.349999999999973,-10.847269696043695,-17.6019181650632,105.8_9.3
105.84999999999994,9.449999999999973,-10.87820549985589,-17.40480106859436,105.8_9.4
105.84999999999994,9.549999999999972,-9.178556959028455,-15.344399632898071,105.8_9.5
105.84999999999994,9.649999999999972,-8.289040118301429,-15.914463939617535,105.8_9.6
105.84999999999994,9.749999999999972,-7.9888725997589,-14.77841204971497,105.8_9.7
105.84999999999994,9.849999999999971,-6.909798535490948,-13.480366887557059,105.8_9.8
105.84999999999994,9.94999999999997,-7.693707465699025,-14.469990908579934,105.8_9.9
105.84999999999994,10.04999999999997,-7.967886457367335,-14.978791915659077,105.8_10.0
105.84999999999994,10.14999999999997,-8.367793533398888,-15.027815876109953,105.8_10.1
105.84999999999994,10.24999999999997,-7.682077649819438,-14.793518068449634,105.8_10.2
105.84999999999994,10.34999999999997,-7.071478537769292,-13.918007322015319,105.8_10.3
105.84999999999994,10.449999999999969,-9.581290727342367,-15.947618686821569,105.8_10.4
105.84999999999994,10.549999999999969,-9.460281881152541,-15.740173813633696,105.8_10.5
105.84999999999994,10.649999999999968,-9.248395054333441,-15.994322832087802,105.8_10.6
105.84999999999994,10.749999999999968,-9.031088025319907,-15.54409571872837,105.8_10.7
105.84999999999994,10.849999999999968,-8.624972885568734,-15.317126293006147,105.8_10.8
105.84999999999994,10.949999999999967,-9.158486848009042,-17.007554019351865,105.8_10.9
105.84999999999994,11.049999999999967,-9.348731060475181,-17.610497844319276,105.8_11.0
105.94999999999993,8.549999999999976,-16.929577505529174,-32.19677689930931,105.9_8.5
105.94999999999993,8.649999999999975,-16.844186651613438,-32.16709159684638,105.9_8.6
105.94999999999993,8.749999999999975,-16.601953120540454,-31.96401988502863,105.9_8.7
105.94999999999993,8.849999999999975,-16.53563965355873,-32.081350621520095,105.9_8.8
105.94999999999993,8.949999999999974,-16.525445064429043,-31.774418362394915,105.9_8.9
105.94999999999993,9.049999999999974,-16.89676560796061,-31.678396992408402,105.9_9.0
105.94999999999993,9.149999999999974,-16.94283844917579,-31.52251113059879,105.9_9.1
105.94999999999993,9.249999999999973,-16.064416773784142,-28.697252685493698,105.9_9.2
105.94999999999993,9.349999999999973,-10.496294945959965,-17.12757484967346,105.9_9.3
105.94999999999993,9.449999999999973,-11.062084491628207,-17.533992752445045,105.9_9.4
105.94999999999993,9.549999999999972,-8.510606245873035,-14.920238374687614,105.9_9.5
105.94999999999993,9.649999999999972,-8.270255908727007,-14.984970726971493,105.9_9.6
105.94999999999993,9.749999999999972,-8.07505040020173,-15.05453724012072,105.9_9.7
105.94999999999993,9.849999999999971,-8.636081292467995,-15.398467926162347,105.9_9.8
105.94999999999993,9.94999999999997,-8.463412720023634,-15.098521955279017,105.9_9.9
105.94999999999993,10.04999999999997,-7.7922025068258005,-14.935831140012278,105.9_10.0
105.94999999999993,10.14999999999997,-8.011242267055495,-15.48739877452368,105.9_10.1
105.94999999999993,10.24999999999997,-7.289929040324673,-14.476471802217665,105.9_10.2
105.94999999999993,10.34999999999997,-7.380300191207257,-14.115638815385497,105.9_10.3
105.94999999999993,10.449999999999969,-9.02459259127818,-15.412545794453766,105.9_10.4
105.94999999999993,10.549999999999969,-9.15457615682682,-15.869987420632393,105.9_10.5
105.94999999999993,10.649999999999968,-9.070310119360471,-16.06099008083896,105.9_10.6
105.94999999999993,10.749999999999968,-8.624908913238848,-15.743561875711972,105.9_10.7
105.94999999999993,10.849999999999968,-8.175763145017221,-14.562134297551303,105.9_10.8
105.94999999999993,10.949999999999967,-9.19655015896823,-17.020630275461894,105.9_10.9
105.94999999999993,11.049999999999967,-8.836958309218128,-16.437413698002977,105.9_11.0
106.04999999999993,8.549999999999976,-16.785278486666456,-31.99452189371234,106.0_8.5
106.04999999999993,8.649999999999975,-16.634286648280685,-32.10605514624013,106.0_8.6
106.04999999999993,8.749999999999975,-16.617933550383203,-31.919093732320803,106.0_8.7
106.04999999999993,8.849999999999975,-16.47616080651964,-31.95674725917042,106.0_8.8
106.04999999999993,8.949999999999974,-16.51211339976888,-31.738431163688553,106.0_8.9
106.04999999999993,9.049999999999974,-16.90610238449389,-31.759693739557903,106.0_9.0
106.04999999999993,9.149999999999974,-16.955860969393118,-31.71306539941219,106.0_9.1
106.04999999999993,9.249999999999973,-16.920443367268124,-31.249319206266826,106.0_9.2
106.04999999999993,9.349999999999973,-11.007411435795397,-18.628889534029664,106.0_9.3
106.04999999999993,9.449999999999973,-10.565982979188094,-17.085607034010113,106.0_9.4
106.04999999999993,9.549999999999972,-9.035564203153408,-15.318675431397953,106.0_9.5
106.04999999999993,9.649999999999972,-8.409196274929267,-15.356600239938105,106.0_9.6
106.04999999999993,9.749999999999972,-9.305766212366304,-16.367721806580374,106.0_9.7
106.04999999999993,9.849999999999971,-9.256916424512912,-16.130759924572782,106.0_9.8
106.04999999999993,9.94999999999997,-7.191422682535002,-13.95441469945037,106.0_9.9
106.04999999999993,10.04999999999997,-7.287971992927904,-14.718747729677313,106.0_10.0
106.04999999999993,10.14999999999997,-7.401467040743667,-14.95745335961582,106.0_10.1
106.04999999999993,10.24999999999997,-8.437417502273817,-15.793719425086039,106.0_10.2
106.04999999999993,10.34999999999997,-7.043649872303955,-13.824636825387968,106.0_10.3
106.04999999999993,10.449999999999969,-8.377606808327014,-14.837807306114744,106.0_10.4
106.04999999999993,10.549999999999969,-9.11311824000601,-15.74942489947853,106.0_10.5
106.04999999999993,10.649999999999968,-9.280035161232515,-16.218864480756572,106.0_10.6
106.04999999999993,10.749999999999968,-8.5439355902107,-14.829787713846095,106.0_10.7
106.04999999999993,10.849999999999968,-9.040193170003063,-15.503050170652328,106.0_10.8
106.04999999999993,10.949999999999967,-9.559746303798278,-17.406962603769898,106.0_10.9
106.04999999999993,11.049999999999967,-8.696297249774211,-16.140691954135907,106.0_11.0
106.14999999999992,8.549999999999976,-16.511786036831083,-31.700639396384435,106.1_8.5
106.14999999999992,8.649999999999975,-16.40725045373009,-31.755110492002085,106.1_8.6
106.14999999999992,8.749999999999975,-15.97689146884441,-31.69372868276591,106.1_8.7
106.14999999999992,8.849999999999975,-16.136753556922812,-31.69306008747202,106.1_8.8
106.14999999999992,8.949999999999974,-16.129130569836253,-31.602316659201648,106.1_8.9
106.14999999999992,9.049999999999974,-16.433847238817638,-31.492516384753582,106.1_9.0
106.14999999999992,9.149999999999974,-16.711480168469468,-31.821046046487112,106.1_9.1
106.14999999999992,9.249999999999973,-16.673725331750347,-31.63162894726986,106.1_9.2
106.14999999999992,9.349999999999973,-13.61893778241893,-23.8799113852243,106.1_9.3
106.14999999999992,9.449999999999973,-10.52404743492812,-17.907433862249604,106.1_9.4
106.14999999999992,9.549999999999972,-9.791608220047978,-16.33719592573962,106.1_9.5
106.14999999999992,9.649999999999972,-9.682690092946256,-16.806437106727913,106.1_9.6
106.14999999999992,9.749999999999972,-8.602169568499729,-16.050883568169645,106.1_9.7
106.14999999999992,9.849999999999971,-8.026467498763338,-16.048981893714334,106.1_9.8
106.14999999999992,9.94999999999997,-7.505956845758403,-15.283552095958443,106.1_9.9
106.14999999999992,10.04999999999997,-7.366689002993709,-15.168488616434278,106.1_10.0
106.14999999999992,10.14999999999997,-8.236068500459789,-15.271428658444773,106.1_10.1
106.14999999999992,10.24999999999997,-8.785822204156318,-15.762174557420826,106.1_10.2
106.14999999999992,10.34999999999997,-6.533687321879034,-13.206638069885544,106.1_10.3
106.14999999999992,10.449999999999969,-7.691783960246919,-14.616422074504316,106.1_10.4
106.14999999999992,10.549999999999969,-8.431662882191123,-14.593761994944499,106.1_10.5
106.14999999999992,10.649999999999968,-8.311632207323228,-14.18119330172693,106.1_10.6
106.14999999999992,10.749999999999968,-8.437343431507319,-14.25476635883117,106.1_10.7
106.14999999999992,10.849999999999968,-9.080705728988546,-15.297957409222514,106.1_10.8
106.14999999999992,10.949999999999967,-9.173733432107177,-16.029158920604626,106.1_10.9
106.14999999999992,11.049999999999967,-8.928851749543137,-15.904545330151276,106.1_11.0
106.24999999999991,8.549999999999976,-16.091679441059703,-31.65244599842786,106.2_8.5
106.24999999999991,8.649999999999975,-16.077851719674083,-31.688478179001276,106.2_8.6
106.24999999999991,8.749999999999975,-15.847049145405812,-31.812402611776243,106.2_8.7
106.24999999999991,8.849999999999975,-15.566792421281884,-31.686000921349446,106.2_8.8
106.24999999999991,8.949999999999974,-15.74631940118818,-31.6794434204511,106.2_8.9
106.24999999999991,9.049999999999974,-16.137793304929133,-31.57075395317449,106.2_9.0
106.24999999999991,9.149999999999974,-16.27549216717425,-31.836719958246977,106.2_9.1
106.24999999999991,9.249999999999973,-16.558549796210222,-31.718006536193602,106.2_9.2
106.24999999999991,9.349999999999973,-16.98489131645385,-31.810583253172727,106.2_9.3
106.24999999999991,9.449999999999973,-16.866961313354306,-30.014872116139944,106.2_9.4
106.24999999999991,9.549999999999972,-10.446159129528493,-18.323188908092945,106.2_9.5
106.24999999999991,9.649999999999972,-9.583841336274578,-17.42583425394966,106.2_9.6
106.24999999999991,9.749999999999972,-7.814261836022841,-14.65686229956862,106.2_9.7
106.24999999999991,9.849999999999971,-7.735823814441868,-15.692190589829204,106.2_9.8
106.24999999999991,9.94999999999997,-7.083094056462684,-15.091447045853215,106.2_9.9
106.24999999999991,10.04999999999997,-8.513293504317991,-15.77798967484857,106.2_10.0
106.24999999999991,10.14999999999997,-6.887742857582529,-14.14965736705331,106.2_10.1
106.24999999999991,10.24999999999997,-6.83777180706325,-14.125044255940542,106.2_10.2
106.24999999999991,10.34999999999997,-6.853274459868691,-14.255287425967692,106.2_10.3
106.24999999999991,10.449999999999969,-7.8882640421404755,-14.407414958754753,106.2_10.4
106.24999999999991,10.549999999999969,-7.584282304915477,-13.818873367598897,106.2_10.5
106.24999999999991,10.649999999999968,-8.719375176600568,-15.039136211754037,106.2_10.6
106.24999999999991,10.749999999999968,-8.563178982220071,-14.223960327804294,106.2_10.7
106.24999999999991,10.849999999999968,-8.367755585155857,-14.303252910092946,106.2_10.8
106.24999999999991,10.949999999999967,-8.682120258811969,-14.79804934361905,106.2_10.9
106.24999999999991,11.049999999999967,-8.214781507391843,-15.102499329014476,106.2_11.0
106.34999999999991,8.549999999999976,-15.412699845162733,-31.63701118856551,106.3_8.5
106.34999999999991,8.649999999999975,-15.593525205160452,-31.693250352458715,106.3_8.6
106.34999999999991,8.749999999999975,-15.359206670072538,-31.81260659478946,106.3_8.7
106.34999999999991,8.849999999999975,-14.732378829970656,-31.621714553521784,106.3_8.8
106.34999999999991,8.949999999999974,-14.782172077326653,-31.693311299114427,106.3_8.9
106.34999999999991,9.049999999999974,-15.6239637727293,-31.576063848085774,106.3_9.0
106.34999999999991,9.149999999999974,-15.902746426781718,-31.71299829000606,106.3_9.1
106.34999999999991,9.249999999999973,-15.951011623659534,-31.662800444521878,106.3_9.2
106.34999999999991,9.349999999999973,-16.600471440811475,-31.828835192889695,106.3_9.3
106.34999999999991,9.449999999999973,-17.152983956538307,-32.07628061220006,106.3_9.4
106.34999999999991,9.549999999999972,-14.637137625643486,-25.112457540186266,106.3_9.5
106.34999999999991,9.649999999999972,-9.153240464415948,-16.052585959046745,106.3_9.6
106.34999999999991,9.749999999999972,-8.09253433940686,-15.08575032786858,106.3_9.7
106.34999999999991,9.849999999999971,-8.264339399368897,-15.23592687204064,106.3_9.8
106.34999999999991,9.94999999999997,-8.061328766808574,-15.475638735392604,106.3_9.9
106.34999999999991,10.04999999999997,-7.296419066329988,-14.69865803686878,106.3_10.0
106.34999999999991,10.14999999999997,-7.0432875237443415,-14.48274926771289,106.3_10.1
106.34999999999991,10.24999999999997,-6.185610049055479,-13.770372391157055,106.3_10.2
106.34999999999991,10.34999999999997,-6.0432556448238,-14.028849867489312,106.3_10.3
106.34999999999991,10.449999999999969,-6.299868649652071,-13.55523219132163,106.3_10.4
106.34999999999991,10.549999999999969,-7.532837282648487,-14.468243569343898,106.3_10.5
106.34999999999991,10.649999999999968,-8.49813208309573,-15.05303586782217,106.3_10.6
106.34999999999991,10.749999999999968,-8.167802843216657,-14.191793802825101,106.3_10.7
106.34999999999991,10.849999999999968,-8.364962447218323,-14.600112658234842,106.3_10.8
106.34999999999991,10.949999999999967,-8.163608364303261,-14.95688524765728,106.3_10.9
106.34999999999991,11.049999999999967,-7.068093630631854,-14.0667934403736,106.3_11.0
106.4499999999999,8.549999999999976,-14.613119194289254,-31.18892108694829,106.4_8.5
106.4499999999999,8.649999999999975,-14.978410161819944,-31.248894054267186,106.4_8.6
106.4499999999999,8.749999999999975,-14.757925643052115,-31.627135882962403,106.4_8.7
106.4499999999999,8.849999999999975,-14.61807559107505,-31.502121480132256,106.4_8.8
106.4499999999999,8.949999999999974,-14.650890603333872,-31.526686215982156,106.4_8.9
106.4499999999999,9.049999999999974,-14.91419453548379,-31.53031858128087,106.4_9.0
106.4499999999999,9.149999999999974,-15.268913222800567,-31.480751244856652,106.4_9.1
106.4499999999999,9.249999999999973,-15.331948982461206,-31.58269864864835,106.4_9.2
106.4499999999999,9.349999999999973,-15.794022861160864,-31.560410829207164,106.4_9.3
106.4499999999999,9.449999999999973,-16.33744485500057,-31.71497271778051,106.4_9.4
106.4499999999999,9.549999999999972,-12.1691824604539,-22.01245598077674,106.4_9.5
106.4499999999999,9.649999999999972,-9.732764649159131,-17.038831388882823,106.4_9.6
106.4499999999999,9.749999999999972,-9.084575790957764,-16.183899764432002,106.4_9.7
106.4499999999999,9.849999999999971,-9.95195236723312,-17.643385540539715,106.4_9.8
106.4499999999999,9.94999999999997,-9.413623254881697,-16.997764014403714,106.4_9.9
106.4499999999999,10.04999999999997,-8.299796645291146,-15.959267420860746,106.4_10.0
106.4499999999999,10.14999999999997,-6.583077617455108,-13.97364025488846,106.4_10.1
106.4499999999999,10.24999999999997,-6.65935643476095,-14.125571904569732,106.4_10.2
106.4499999999999,10.34999999999997,-7.183519648964987,-14.740246703582812,106.4_10.3
106.4499999999999,10.449999999999969,-5.94223667578159,-13.292118944284566,106.4_10.4
106.4499999999999,10.549999999999969,-6.865811745353478,-14.132470821794673,106.4_10.5
106.4499999999999,10.649999999999968,-7.205542660427093,-14.437166804769317,106.4_10.6
106.4499999999999,10.749999999999968,-7.0629385919811885,-13.844859521006086,106.4_10.7
106.4499999999999,10.849999999999968,-7.105163385418637,-14.330336523018877,106.4_10.8
106.4499999999999,10.949999999999967,-7.35313470205502,-14.209699748056133,106.4_10.9
106.4499999999999,11.049999999999967,-7.554141220832787,-14.936558726952429,106.4_11.0
106.5499999999999,8.549999999999976,-16.207257541888417,-32.076572638912694,106.5_8.5
106.5499999999999,8.649999999999975,-13.559952003859593,-26.873641231124886,106.5_8.6
106.5499999999999,8.749999999999975,-14.402418384535295,-29.985893366052355,106.5_8.7
106.5499999999999,8.849999999999975,-14.333813711464366,-30.977647932758313,106.5_8.8
106.5499999999999,8.949999999999974,-14.057700216478692,-31.029945804944465,106.5_8.9
106.5499999999999,9.049999999999974,-14.200274806487684,-31.22641884868251,106.5_9.0
106.5499999999999,9.149999999999974,-14.423371028596017,-31.110906195667997,106.5_9.1
106.5499999999999,9.249999999999973,-14.83264118709613,-31.35898670343114,106.5_9.2
106.5499999999999,9.349999999999973,-14.928655308383597,-31.306344106032796,106.5_9.3
106.5499999999999,9.449999999999973,-15.311143052325702,-31.373134404132355,106.5_9.4
106.5499999999999,9.549999999999972,-13.584082383197188,-28.378779685012447,106.5_9.5
106.5499999999999,9.649999999999972,-11.59082375612892,-21.06750411635154,106.5_9.6
106.5499999999999,9.749999999999972,-13.124547820591772,-23.352953091163503,106.5_9.7
106.5499999999999,9.849999999999971,-13.080692643072021,-22.25265716728892,106.5_9.8
106.5499999999999,9.94999999999997,-10.397980835112877,-18.228144210442846,106.5_9.9
106.5499999999999,10.04999999999997,-8.693431353191933,-16.05593289918999,106.5_10.0
106.5499999999999,10.14999999999997,-7.115731307474509,-14.25291858147964,106.5_10.1
106.5499999999999,10.24999999999997,-8.34569585518478,-16.02274530763045,106.5_10.2
106.5499999999999,10.34999999999997,-6.824853141401222,-14.272164715691968,106.5_10.3
106.5499999999999,10.449999999999969,-7.983011738403092,-15.281420226850413,106.5_10.4
106.5499999999999,10.549999999999969,-7.91147523011179,-14.836433368471377,106.5_10.5
106.5499999999999,10.649999999999968,-6.297636729443586,-13.597975323336083,106.5_10.6
106.5499999999999,10.749999999999968,-5.6112685032354275,-12.97640571227557,106.5_10.7
106.5499999999999,10.849999999999968,-4.934040532411965,-12.771330410409945,106.5_10.8
106.5499999999999,10.949999999999967,-6.8548268142886215,-13.5738902112615,106.5_10.9
106.5499999999999,11.049999999999967,-7.027033773552402,-13.630369124973251,106.5_11.0
106.64999999999989,8.549999999999976,-18.38132524669187,-33.607410846237485,106.6_8.5
106.64999999999989,8.649999999999975,-17.686686808828547,-29.92995491837129,106.6_8.6
106.64999999999989,8.749999999999975,-17.36372912238005,-28.646857443411935,106.6_8.7
106.64999999999989,8.849999999999975,-18.600328156144215,-33.25103723195276,106.6_8.8
106.64999999999989,8.949999999999974,-16.778044227638603,-32.111561336932354,106.6_8.9
106.64999999999989,9.049999999999974,-15.818010381291533,-31.611686956371248,106.6_9.0
106.64999999999989,9.149999999999974,-14.990728664336782,-30.90744688130645,106.6_9.1
106.64999999999989,9.249999999999973,-14.395205317554769,-30.75273849979979,106.6_9.2
106.64999999999989,9.349999999999973,-14.33317052029865,-30.697548453639182,106.6_9.3
106.64999999999989,9.449999999999973,-14.610774663158022,-30.781561978286735,106.6_9.4
106.64999999999989,9.549999999999972,-13.807443113132992,-30.61821033924233,106.6_9.5
106.64999999999989,9.649999999999972,-14.284949484556073,-30.135147658302383,106.6_9.6
106.64999999999989,9.749999999999972,-15.340140351412275,-30.218309094508587,106.6_9.7
106.64999999999989,9.849999999999971,-11.910162913325792,-21.191073685927474,106.6_9.8
106.64999999999989,9.94999999999997,-13.144655343347228,-23.87291621852635,106.6_9.9
106.64999999999989,10.04999999999997,-9.53933636167174,-16.81073061306968,106.6_10.0
106.64999999999989,10.14999999999997,-9.262473827852089,-16.290850508150527,106.6_10.1
106.64999999999989,10.24999999999997,-10.101141827331412,-18.0226586250968,106.6_10.2
106.64999999999989,10.34999999999997,-7.423520416369344,-14.590254655235306,106.6_10.3
106.64999999999989,10.449999999999969,-9.090344412398416,-16.627842787959988,106.6_10.4
106.64999999999989,10.549999999999969,-7.868496655624373,-15.090497694930423,106.6_10.5
106.64999999999989,10.649999999999968,-6.64455498590227,-14.016183983945059,106.6_10.6
106.64999999999989,10.749999999999968,-2.5418979560321677,-9.93300757095842,106.6_10.7
106.64999999999989,10.849999999999968,-3.2817115460032635,-10.75752430961237,106.6_10.8
106.64999999999989,10.949999999999967,-5.500925567304057,-12.63522937974444,106.6_10.9
106.64999999999989,11.049999999999967,-6.133273343284698,-13.369193908166295,106.6_11.0
106.74999999999989,8.549999999999976,-18.70190053055141,-33.02986318307209,106.7_8.5
106.74999999999989,8.649999999999975,-18.96269260314597,-32.36156390430986,106.7_8.6
106.74999999999989,8.749999999999975,-19.80007236714054,-32.777213076876095,106.7_8.7
106.74999999999989,8.849999999999975,-19.669366878220075,-32.9582010893701,106.7_8.8
106.74999999999989,8.949999999999974,-19.247767617755105,-32.34274727853231,106.7_8.9
106.74999999999989,9.049999999999974,-18.333472127488708,-32.017822910328945,106.7_9.0
106.74999999999989,9.149999999999974,-18.600033417314737,-31.541734167833795,106.7_9.1
106.74999999999989,9.249999999999973,-18.537846062283123,-31.29155447484397,106.7_9.2
106.74999999999989,9.349999999999973,-17.46069945717341,-30.660485026937604,106.7_9.3
106.74999999999989,9.449999999999973,-15.633130092259977,-30.14050502187078,106.7_9.4
106.74999999999989,9.549999999999972,-13.640246825468015,-30.384300922263996,106.7_9.5
106.74999999999989,9.649999999999972,-13.440901326608902,-29.929393250531398,106.7_9.6
106.74999999999989,9.749999999999972,-13.6849581479994,-30.294641430241434,106.7_9.7
106.74999999999989,9.849999999999971,-13.851246325484821,-29.99049025504421,106.7_9.8
106.74999999999989,9.94999999999997,-14.53205047722175,-30.559112194832394,106.7_9.9
106.74999999999989,10.04999999999997,-13.388096241162378,-25.107210355225,106.7_10.0
106.74999999999989,10.14999999999997,-12.14987929495936,-20.601916182856876,106.7_10.1
106.74999999999989,10.24999999999997,-12.087044437225188,-21.205997608415437,106.7_10.2
106.74999999999989,10.34999999999997,-9.475490616931047,-17.57630096711213,106.7_10.3
106.74999999999989,10.449999999999969,-11.769153752949448,-20.01299805286302,106.7_10.4
106.74999999999989,10.549999999999969,-10.682662736809972,-18.334003273686395,106.7_10.5
106.74999999999989,10.649999999999968,-8.564356460557288,-15.978341266759635,106.7_10.6
106.74999999999989,10.749999999999968,-5.403174132498677,-13.114743214033927,106.7_10.7
106.74999999999989,10.849999999999968,-3.8633559420061245,-11.370356479204291,106.7_10.8
106.74999999999989,10.949999999999967,-4.383207116374702,-12.088961259364492,106.7_10.9
106.74999999999989,11.049999999999967,-5.725300427470836,-13.093726458792077,106.7_11.0
106.84999999999988,8.549999999999976,-19.094610493923398,-32.090707355786904,106.8_8.5
106.84999999999988,8.649999999999975,-19.140321944271623,-31.618256567502414,106.8_8.6
106.84999999999988,8.749999999999975,-19.165016392078137,-31.32955401752772,106.8_8.7
106.84999999999988,8.849999999999975,-19.24771758280633,-31.283379779339718,106.8_8.8
106.84999999999988,8.949999999999974,-19.24670711823608,-30.967589334989377,106.8_8.9
106.84999999999988,9.049999999999974,-18.8661715041451,-30.72435579008237,106.8_9.0
106.84999999999988,9.149999999999974,-18.3015565551525,-30.303270040669634,106.8_9.1
106.84999999999988,9.249999999999973,-19.126170502003504,-30.575957483299007,106.8_9.2
106.84999999999988,9.549999999999972,-14.00822512770807,-30.94590100935274,106.8_9.5
106.84999999999988,9.649999999999972,-13.954352077033159,-30.192098212454145,106.8_9.6
106.84999999999988,9.749999999999972,-14.278755567083003,-30.291080608526077,106.8_9.7
106.84999999999988,9.849999999999971,-14.519259335720154,-30.424660721211964,106.8_9.8
106.84999999999988,9.94999999999997,-14.45696658554098,-30.40101833331797,106.8_9.9
106.84999999999988,10.04999999999997,-15.631376522463807,-30.864748369764165,106.8_10.0
106.84999999999988,10.14999999999997,-16.230755369657597,-30.675367000160325,106.8_10.1
106.84999999999988,10.24999999999997,-16.017648899606712,-30.377813625162666,106.8_10.2
106.84999999999988,10.34999999999997,-15.794130226076932,-28.963268229573554,106.8_10.3
106.84999999999988,10.449999999999969,-10.30983739348377,-17.24747403257116,106.8_10.4
106.84999999999988,10.549999999999969,-8.625929536134507,-15.13946046049952,106.8_10.5
106.84999999999988,10.649999999999968,-8.70254911162206,-15.44780578745854,106.8_10.6
106.84999999999988,10.749999999999968,-8.349976595820243,-15.38209932459222,106.8_10.7
106.84999999999988,10.849999999999968,-6.991159858430742,-14.185854404962262,106.8_10.8
106.84999999999988,10.949999999999967,-4.67081056654975,-12.040094265686784,106.8_10.9
106.84999999999988,11.049999999999967,-7.050837525755479,-13.91609553269921,106.8_11.0
